"group","herb","Number.of.Meridians","F1","F2","F3","F4","F5","F6","F7","F8","F9","F10","F11","F12","F13","F14","F15","F16","F17","F18","F19","F20"
"Lung","bai_qian","single Meridian",0.0248472771497065,0.0367429607622556,0.298532201184876,0.182835136992909,0.151843325199192,0.00992079765766587,0,0.339836909454122,0.276226630763592,0,1.5707963267949,0.69822247336256,0.365207221290367,0.143347568905365,0.69822247336256,0.365207221290367,0,0.143347568905365,0.215960498684956,0
"Lung","bai_bu","single Meridian",0.0977598998984747,0.0163272560206266,0.17739960444037,0.32381101527355,0.067277632169254,0.101363966983398,0,0.523598775598299,0,0.10016742116156,1.5707963267949,0.0727915380034101,0.0545725381546788,0.0636793922570193,0.0727915380034101,1.18706120382351,0,0.0545725381546788,0,0.00909103431469971
"Lung","cang_er_zi","single Meridian",0.0986515074118279,0.0673979528752713,0.742959683331891,0.32381101527355,0.280994128418457,0.0774583849694178,0,0.622826585412003,0.814339942126525,0,1.5707963267949,0.301860709040695,0.208719343103824,0.0631049378206149,0.301860709040695,0.779189092200614,0,0.0631049378206149,0.144648029767761,0
"Lung","chuan_she_gan","single Meridian",0.020409580174174,0.0122452039747827,0.117920152025249,0.0910347780374151,0.0504415555125419,0.0168658789590494,0,0.167448079219689,0.0910347780374151,0,1.5707963267949,0.263922848129788,0.174801883373694,0.0870664823473957,0.263922848129788,0.831778447780979,0,0.0870664823473957,0.0870664823473957,0
"Lung","e_bu_shi_cao","single Meridian",0.0959769180148954,0.0306170280864117,0.298532201184876,0.276226630763592,0.126386625999208,0.0923933015770819,0,0.523598775598299,0.182835136992909,0,1.5707963267949,0.13933934075777,0.0927254110236567,0.0555841732809175,0.13933934075777,1.03745107788424,0,0.0555841732809175,0.037045509812092,0
"Lung","fu_ping","single Meridian",0.0310608948643583,0.0306170280864117,0.267898912405989,0.276226630763592,0.126386625999208,0.0198425719105377,0,0.523598775598299,0.136789826924246,0,0.919757269308475,0.347883747137954,0.205999321252137,0.136789826924246,0.347883747137954,0.471861837279642,0,0.136789826924246,0.0682347558211789,0
"Lung","jie_zi","single Meridian",0.0452683429988305,0.0183683798285479,0.207365291509785,0,0.0757025383399399,0.0416787324225779,0,0,0.32381101527355,0,1.5707963267949,0.17739960444037,0.137689552304229,0,0.17739960444037,0.967604921185227,0,0,0.137689552304229,0
"Lung","jin_qiao_mai","single Meridian",0.0541524612616608,0.0408276681817032,0.360712720363525,0.471861837279642,0.168868677576904,0.0406858270348327,0,0.622826585412003,0.22927620321398,0.304692654015398,1.5707963267949,0.334046846271913,0.198012759173101,0.164677726762559,0.334046846271913,0.737083289509643,0,0.115007459240074,0.0820592762102902,0.0492001749262715
"Lung","jin_deng_long","single Meridian",0.0390516286967707,0.0244922445388858,0.329457139617922,0.22927620321398,0.101012026702245,0.0317513664966292,0,0.429775431304528,0.276226630763592,0,1.5707963267949,0.276226630763592,0.252680255142079,0.113882364453283,0.276226630763592,0.814339942126525,0,0.113882364453283,0.136789826924246,0
"Lung","ju_geng","single Meridian",0.0906297851005315,0.0183683798285479,0.117920152025249,0.0454702124169972,0.0757025383399399,0.0923933015770819,0,0.083430086610615,0.136789826924246,0,1.5707963267949,0.088350189268807,0.0392257446751318,0.00980407862914325,0.088350189268807,1.14756046529539,0,0.00980407862914325,0.0294160068079327,0
"Lung","kuan_dong_hua","single Meridian",0.131702506051831,0.0653526323335675,0.523598775598299,0.421457568467301,0.272258636935837,0.115334895181521,0,0.523598775598299,0.523598775598299,0.304692654015398,1.5707963267949,0.217937340590824,0.11511896306011,0.0608483525876554,0.217937340590824,0.900735326000126,0,0.0405516537308225,0.0743929242212987,0.0202716586481315
"Lung","ma_bo","single Meridian",0.028397782951579,0.0122452039747827,0.147594105659033,0.0910347780374151,0.0504415555125419,0.025796511789666,0,0.167448079219689,0.136789826924246,0,1.5707963267949,0.188616386175404,0.156892871020461,0.0625407617964914,0.188616386175404,0.948427838239876,0,0.0625407617964914,0.0938878751075165,0
"Lung","mu_jing_ye","single Meridian",0.0523753178162017,0.0265337255964438,0.17739960444037,0.0454702124169972,0.109462161852743,0.0456507749673348,0,0.083430086610615,0.22927620321398,0,1.5707963267949,0.22216198088755,0.10187102175354,0.0169499641551273,0.22216198088755,0.894124302695849,0,0.0169499641551273,0.0848475304308937,0
"Lung","qian_hu","single Meridian",0.089738853010283,0.05104256918366,0.557907039967896,0.421457568467301,0.211660910735005,0.075468443241576,0,0.523598775598299,0.576931345236457,0.304692654015398,1.5707963267949,0.250124670858799,0.179174979915294,0.0892272609697083,0.250124670858799,0.851812283826824,0,0.0594409374457075,0.119093201878967,0.0297073396876528
"Lung","sang_bai_pi","single Meridian",0.167598064130291,0.0714894498855205,0.523598775598299,0.523598775598299,0.298532201184876,0.15237467035223,0,0.523598775598299,0.523598775598299,0.523598775598299,1.34267629325163,0.182356142472441,0.0881972010314359,0.057025720930324,0.182356142472441,0.915301026343661,0,0.0310930926915462,0.057025720930324,0.0259096345498392
"Lung","she_gan","single Meridian",0.049709911286603,0.0163272560206266,0.088350189268807,0.182835136992909,0.067277632169254,0.0476370626244031,0,0.252680255142079,0,0.10016742116156,1.5707963267949,0.143347568905365,0.0535970858093254,0.0714894498855205,0.143347568905365,1.02969680083775,0,0.0535970858093254,0,0.0178580920336816
"Lung","yu_xing_cao","single Meridian",0.0443801393777842,0.0265337255964438,0.237521170781446,0.276226630763592,0.109462161852743,0.0367145969617747,0,0.252680255142079,0.22927620321398,0.304692654015398,1.5707963267949,0.263022202908469,0.160690652951911,0.120289882394788,0.263022202908469,0.833070358341648,0,0.0600360584452784,0.10016742116156,0.0600360584452784
"Lung","zi_hua_qian_hu","single Meridian",0.0354999138077296,0.0326588665812563,0.424389708593187,0.22927620321398,0.134862218150934,0.0238117739606687,0,0.429775431304528,0.421457568467301,0,1.5707963267949,0.411516846067488,0.35757110364551,0.125327831168065,0.411516846067488,0.643501108793284,0,0.125327831168065,0.22694303617852,0
"Lung","zi_su_zi","single Meridian",0.113821471717976,0.0469560289207173,0.456909198661571,0.22927620321398,0.19450134944177,0.104355972588454,0,0.339836909454122,0.523598775598299,0.10016742116156,1.5707963267949,0.180668771537606,0.11745739213294,0.0390724409348747,0.180668771537606,0.961957214178763,0,0.0312550884994952,0.0860436314695106,0.00781257947504257
"Liver","chi_shao","single Meridian",0.0390516286967707,0.24531008984732,0.298532201184876,0.372168533960326,0.378737676663594,0,0.203559216539933,0.339836909454122,0.276226630763592,0.411516846067488,0.378737676663594,1.5707963267949,0.0841328316955464,0.067277632169254,0.378737676663594,0,0.681877877579814,0.0336197783673011,0.0504415555125419,0.0336197783673011
"Liver","duan_xue_liu","single Meridian",0.0115353046212865,0.0408276681817032,0.088350189268807,0.182835136992909,0.109462161852743,0,0.0188690442000592,0.167448079219689,0.0454702124169972,0.201357920790331,0.707584436725356,1.5707963267949,0.150568272776686,0.201357920790331,0.707584436725356,0,0.35757110364551,0.10016742116156,0.05002085680577,0.10016742116156
"Liver","guan_ye_jin_si_tao","single Meridian",0.0248472771497065,0.0755821460567445,0.298532201184876,0.576931345236457,0.237521170781446,0,0.0242611400674101,0.622826585412003,0.136789826924246,0.523598775598299,0.858337374491152,1.5707963267949,0.273673737718482,0.330297354829254,0.858337374491152,0,0.245708125858464,0.1903363579204,0.081170184687302,0.135549847379927
"Liver","hai_feng_teng","single Meridian",0.000887311562750944,0.0633075855376097,0.0294160068079327,0.0454702124169972,0.00840346025031651,0,0.08095091731042,0.083430086610615,0,0,0.032263661668247,1.5707963267949,0.032263661668247,0.032263661668247,0.032263661668247,0,1.31610827252553,0.032263661668247,0,0
"Liver","ji_li","single Meridian",0.0106479385627247,0.104270473829848,0.088350189268807,0.276226630763592,0.101012026702245,0,0.105315869838699,0.252680255142079,0,0.304692654015398,0.237521170781446,1.5707963267949,0.0588575059470812,0.117920152025249,0.237521170781446,0,0.870584771260606,0.0588575059470812,0,0.0588575059470812
"Liver","lian_fang","single Meridian",0.0017746238241026,0.00612248722960593,0.0294160068079327,0.0910347780374151,0.01680751401075,0,0.00269542105359426,0.083430086610615,0,0.10016742116156,0.729727656226966,1.5707963267949,0.339836909454122,0.729727656226966,0.729727656226966,0,0.339836909454122,0.339836909454122,0,0.339836909454122
"Liver","luo_bu_ma_ye","single Meridian",0.0292854636052339,0.1145359732323,0.329457139617922,0.750245243986521,0.280994128418457,0,0.0620343889750964,0.729727656226966,0.136789826924246,0.775397496610753,0.630174456077296,1.5707963267949,0.197714193756317,0.271168211693562,0.630174456077296,0,0.423237334742472,0.143347568905365,0.0535970858093254,0.125327831168065
"Liver","mi_meng_hua","single Meridian",0.00621122006151997,0.0940159911501686,0.0588575059470812,0.136789826924246,0.0588575059470812,0,0.105315869838699,0.167448079219689,0,0.10016742116156,0.152767431585149,1.5707963267949,0.0434919707901158,0.0652637116258933,0.152767431585149,0,1.01187215739239,0.0434919707901158,0,0.0217408430808835
"Liver","nao_yang_hua","single Meridian",0.00443657178587283,0.0326588665812563,0.0294160068079327,0.182835136992909,0.0420291793839539,0,0.0296539415593899,0.083430086610615,0,0.304692654015398,0.317823703927881,1.5707963267949,0.0625407617964914,0.252680255142079,0.317823703927881,0,0.758040765426236,0.0625407617964914,0,0.188616386175404
"Liver","qian_cao","single Meridian",0.00443657178587283,0.110428379967738,0.117920152025249,0.182835136992909,0.0420291793839539,0,0.132462503457608,0.339836909454122,0,0,0.0927254110236567,1.5707963267949,0.0741419822337629,0.0741419822337629,0.0927254110236567,0,1.13707324018335,0.0741419822337629,0,0
"Liver","qing_dai","single Meridian",0.00266193748266061,0.0592182785556026,0.0294160068079327,0.0454702124169972,0.0252127551687838,0,0.0701383546966411,0.083430086610615,0,0,0.10363367951473,1.5707963267949,0.0344895959616788,0.0344895959616788,0.10363367951473,0,1.11192212178079,0.0344895959616788,0,0
"Liver","qing_xiang_zi","single Meridian",0.00443657178587283,0.0469560289207173,0.117920152025249,0.136789826924246,0.0420291793839539,0,0.0485365750411297,0.252680255142079,0.0454702124169972,0,0.219141058997532,1.5707963267949,0.174801883373694,0.130807496077707,0.219141058997532,0,0.898845430298983,0.130807496077707,0.0434919707901158,0
"Liver","rui_ren","single Meridian",0.00976058088878735,0.0347008412920796,0.17739960444037,0.421457568467301,0.0925691229498704,0,0.0161732118079859,0.429775431304528,0.0454702124169972,0.411516846067488,0.703720508083224,1.5707963267949,0.360712720363525,0.557907039967896,0.703720508083224,0,0.360712720363525,0.298532201184876,0.0588575059470812,0.237521170781446
"Liver","sang_zhi","single Meridian",0.00621122006151997,0.0469560289207173,0,0.0454702124169972,0.0588575059470812,0,0.0431400644695357,0,0,0.10016742116156,0.30925370112752,1.5707963267949,0,0.0434919707901158,0.30925370112752,0,0.769327343523146,0,0,0.0434919707901158
"Liver","shan_zha_ye","single Meridian",0.0159722851503624,0.0653526323335675,0.147594105659033,0.471861837279642,0.151843325199192,0,0.0377448107394347,0.429775431304528,0,0.523598775598299,0.59740641664535,1.5707963267949,0.156892871020461,0.317823703927881,0.59740641664535,0,0.452816594744926,0.156892871020461,0,0.156892871020461
"Liver","xia_tian_wu","single Meridian",0.000887311562750944,0.0367429607622556,0,0,0.00840346025031651,0,0.0458381527736535,0,0,0,0.0555841732809175,1.5707963267949,0,0,0.0555841732809175,0,1.23590016835552,0,0,0
"Lung","bai_guo","dual Meridian",0.0230721445252555,0.0265337255964438,0.237521170781446,0.372168533960326,0.0925691229498704,0.0148815016488424,0.00539086169046568,0.429775431304528,0.136789826924246,0.304692654015398,0.331011728089295,0.163223803516414,0.10016742116156,0.10016742116156,0.137936996418385,0.188616386175404,0.0250026048993611,0.0625407617964914,0.0375087946289886,0.0375087946289886
"Lung","bai_qu_cai","dual Meridian",0.00443657178587283,0.0142862002389931,0.0294160068079327,0.0454702124169972,0.01680751401075,0.00297619486991322,0.0134774969604082,0.083430086610615,0,0,0.135549847379927,0.1903363579204,0.0270303184702784,0.0270303184702784,0.0540804116141758,0.081170184687302,0.135549847379927,0.0270303184702784,0,0
"Lung","bei_sha_can","dual Meridian",0.0212970846133632,0.0285753172692927,0.237521170781446,0.372168533960326,0.109462161852743,0.0109129150177013,0.00269542105359426,0.622826585412003,0.0454702124169972,0.10016742116156,0.755584581642467,0.411516846067488,0.230610011286113,0.230610011286113,0.38054719168982,0.319704148662747,0.0285753172692927,0.201357920790331,0.0285753172692927,0.0285753172692927
"Lung","chen_pi","dual Meridian",0.020409580174174,0.0224508655717933,0.147594105659033,0.0454702124169972,0.067277632169254,0.0148815016488424,0.00808634149517199,0.083430086610615,0.182835136992909,0,0.373718050942914,0.175502737575723,0.0794486340851372,0.0158736824899557,0.127327896520732,0.240404216769259,0.0476370626244031,0.0158736824899557,0.0635347997104057,0
"Lung","chuan_bei_mu","dual Meridian",0.0159722851503624,0.0224508655717933,0.147594105659033,0.136789826924246,0.0925691229498704,0.00694450026198522,0,0.252680255142079,0.0910347780374151,0,0.289751701436047,0.175502737575723,0.0794486340851372,0.0476370626244031,0.175502737575723,0.111341014340964,0,0.0476370626244031,0.0317513664966292,0
"Lung","dan_dou_chi","dual Meridian",0.0017746238241026,0,0,0,0,0.00198412828596788,0,0,0,0,0.133731589409942,0,0,0,0,0.133731589409942,0,0,0,0
"Lung","dong_chong_xia_cao","dual Meridian",0.0141974600949148,0.0183683798285479,0.147594105659033,0.0454702124169972,0.067277632169254,0.00793659125653925,0.00269542105359426,0.083430086610615,0.182835136992909,0,0.434605525607367,0.239114182664072,0.131961607659875,0.0263188277924469,0.212113310479229,0.212113310479229,0.0263188277924469,0.0263188277924469,0.105458525399318,0
"Lung","er_cha","dual Meridian",0.00709855118571448,0.0102042587213623,0.0294160068079327,0.182835136992909,0.0336197783673011,0.00396826438303647,0.00269542105359426,0.083430086610615,0,0.304692654015398,0.312766721941545,0.193513192510785,0.0384710274073283,0.154459598484184,0.154459598484184,0.154459598484184,0.0384710274073283,0.0384710274073283,0,0.115642192516294
"Lung","he_zi","dual Meridian",0.00798588789913049,0.0163272560206266,0.088350189268807,0.0454702124169972,0.0420291793839539,0.00396826438303647,0.00808634149517199,0,0.136789826924246,0.10016742116156,0.221314442347791,0.196381789808913,0.0732361816636239,0.0243926627776552,0.122255539039782,0.0977164088491063,0.0732361816636239,0,0.0732361816636239,0.0243926627776552
"Lung","hong_qi","dual Meridian",0.0141974600949148,0.0142862002389931,0.147594105659033,0.276226630763592,0.0588575059470812,0.00892869006286863,0,0.339836909454122,0.0454702124169972,0.201357920790331,0.381262942426247,0.163518424185426,0.116542708449339,0.139991687754473,0.163518424185426,0.210861427968675,0,0.0931579410346645,0.0232579107153105,0.0465284142654879
"Lung","hua_shan_can","dual Meridian",0.00266193748266061,0.00204081774317656,0.0294160068079327,0.0454702124169972,0.00840346025031651,0.00198412828596788,0,0.083430086610615,0,0,0.188616386175404,0.0625407617964914,0.0625407617964914,0.0625407617964914,0.0625407617964914,0.125327831168065,0,0.0625407617964914,0,0
"Lung","hua_ju_hong","dual Meridian",0.0212970846133632,0.0347008412920796,0.267898912405989,0.182835136992909,0.134862218150934,0.00793659125653925,0.00269542105359426,0.339836909454122,0.22927620321398,0,0.576931345236457,0.396685808111287,0.205999321252137,0.0910347780374151,0.372168533960326,0.182835136992909,0.0227292297311496,0.0910347780374151,0.113882364453283,0
"Lung","huang_qi","dual Meridian",0.0212970846133632,0.0306170280864117,0.17739960444037,0.276226630763592,0.109462161852743,0.0109129150177013,0.00539086169046568,0.252680255142079,0.136789826924246,0.304692654015398,0.279486457118402,0.173279636417541,0.0690203040380642,0.0690203040380642,0.149987009020637,0.126776103547295,0.0229905310234212,0.0344895959616788,0.0344895959616788,0.0344895959616788
"Lung","jin_fei_cao","dual Meridian",0.0141974600949148,0.0285753172692927,0.207365291509785,0.32381101527355,0.101012026702245,0.00396826438303647,0.00539086169046568,0.523598775598299,0.0454702124169972,0.10016742116156,0.447188745226714,0.388043796371134,0.1903363579204,0.1903363579204,0.330297354829254,0.108319806515118,0.0540804116141758,0.162881424480345,0.0270303184702784,0.0270303184702784
"Lung","ju_hong","dual Meridian",0.0124226797634597,0.0183683798285479,0.117920152025249,0.136789826924246,0.0588575059470812,0.00694450026198522,0.00539086169046568,0.252680255142079,0.0454702124169972,0,0.503801984375067,0.31555574909836,0.138372177385107,0.10363367951473,0.243786938468336,0.243786938468336,0.0690203040380642,0.10363367951473,0.0344895959616788,0
"Lung","ku_xing_ren","dual Meridian",0.0559297759176186,0.0714894498855205,0.557907039967896,0.276226630763592,0.289751701436047,0.0287738115664867,0.00269542105359426,0.252680255142079,0.750245243986521,0.304692654015398,0.591397987914463,0.314913801940982,0.159973490238289,0.0531223266455674,0.305620475207462,0.259541223810722,0.00884967303455516,0.0265517922816971,0.133136327551648,0.0265517922816971
"Lung","long_li_ye","dual Meridian",0.00354925323704055,0.00204081774317656,0.0294160068079327,0,0.00840346025031651,0.00297619486991322,0,0,0.0454702124169972,0,0.252680255142079,0.0625407617964914,0.0625407617964914,0,0.0625407617964914,0.188616386175404,0,0,0.0625407617964914,0
"Lung","lu_gen","dual Meridian",0.0141974600949148,0.0265337255964438,0.117920152025249,0.136789826924246,0.101012026702245,0.00396826438303647,0.00269542105359426,0.167448079219689,0.0910347780374151,0.10016742116156,0.542325302774848,0.432734534266969,0.129393017505469,0.0969258860400089,0.397480802149832,0.129393017505469,0.032263661668247,0.064560969317477,0.064560969317477,0.032263661668247
"Lung","luo_han_guo","dual Meridian",0.0354999138077296,0.057174001080663,0.329457139617922,0.22927620321398,0.19450134944177,0.0168658789590494,0.0134774969604082,0.252680255142079,0.372168533960326,0.201357920790331,0.22158917611732,0.154459598484184,0.060476418078553,0.0274759844149057,0.126712437627733,0.0935429549764706,0.0274759844149057,0.0164842630207197,0.0439702111036506,0.0109892321701926
"Lung","ma_huang","dual Meridian",0.106679603660431,0.137164392889286,0.742959683331891,0.632185248680745,0.489957326253728,0.0635347997104057,0.0296539415593899,0.729727656226966,0.750245243986521,0.523598775598299,0.336916484161754,0.18563738277387,0.0634033530950568,0.0358203318400051,0.154888537858966,0.177234974829336,0.0303076699661869,0.0220403518995195,0.0413340829684954,0.0137745402712576
"Lung","man_shan_hong","dual Meridian",0.0550410968343556,0.0714894498855205,0.360712720363525,0.421457568467301,0.254850603526605,0.0317513664966292,0.0134774969604082,0.252680255142079,0.421457568467301,0.643501108793284,0.414352603244696,0.22927620321398,0.07800114936041,0.0584748767116441,0.196058836067005,0.209317359477355,0.0324732393994814,0.0194817518034409,0.0584748767116441,0.0389709025999313
"Lung","nan_sha_can","dual Meridian",0.0177471605243434,0.0265337255964438,0.088350189268807,0.0910347780374151,0.0925691229498704,0.00892869006286863,0.00539086169046568,0.167448079219689,0.0454702124169972,0,0.246387791409308,0.15920831665022,0.0365935322916848,0.0243926627776552,0.134551967449799,0.109977661740939,0.0243926627776552,0.0243926627776552,0.0121954242499052,0
"Lung","niu_pang_zi","dual Meridian",0.0630408600315144,0.0776289655923868,0.489957326253728,0.22927620321398,0.298532201184876,0.0357218823980788,0.00808634149517199,0.252680255142079,0.632185248680745,0.201357920790331,0.515598413298391,0.267051796515451,0.111341014340964,0.0347292030514089,0.245514631172426,0.252680255142079,0.0208348406686484,0.0208348406686484,0.0904008581917553,0.0138893354582903
"Lung","pang_da_hai","dual Meridian",0.0177471605243434,0.0244922445388858,0.267898912405989,0.136789826924246,0.0925691229498704,0.00892869006286863,0.00269542105359426,0.252680255142079,0.276226630763592,0,0.471861837279642,0.276226630763592,0.205999321252137,0.0682347558211789,0.252680255142079,0.205999321252137,0.0227292297311496,0.0682347558211789,0.136789826924246,0
"Lung","pi_pa_ye","dual Meridian",0.0808333407590268,0.0940159911501686,0.392341387104634,0.421457568467301,0.325019991858518,0.0526036219966156,0.0215650137468133,0.339836909454122,0.421457568467301,0.523598775598299,0.304003067657481,0.151899254230864,0.0427762020416932,0.0296095895599254,0.125327831168065,0.175237601584922,0.0263188277924469,0.0131582744379027,0.0296095895599254,0.0164481100571924
"Lung","ping_bei_mu","dual Meridian",0.0106479385627247,0.0102042587213623,0.147594105659033,0.136789826924246,0.0420291793839539,0.00694450026198522,0,0.252680255142079,0.0910347780374151,0,0.263922848129788,0.108910833420688,0.108910833420688,0.0652637116258933,0.108910833420688,0.152767431585149,0,0.0652637116258933,0.0434919707901158,0
"Lung","qing_guo","dual Meridian",0.020409580174174,0.0469560289207173,0.207365291509785,0.276226630763592,0.126386625999208,0.00793659125653925,0.0215650137468133,0.339836909454122,0.136789826924246,0.201357920790331,0.423237334742472,0.423237334742472,0.125327831168065,0.107348916101869,0.271168211693562,0.143347568905365,0.143347568905365,0.0714894498855205,0.0535970858093254,0.0357218823980788
"Lung","ren_can_ye","dual Meridian",0.026622488089984,0.0306170280864117,0.117920152025249,0.136789826924246,0.126386625999208,0.0148815016488424,0,0.167448079219689,0.0910347780374151,0.10016742116156,0.240404216769259,0.119330624807627,0.0317513664966292,0.0238117739606687,0.119330624807627,0.119330624807627,0,0.0158736824899557,0.0158736824899557,0.00793659125653925
"Lung","san_bai_cao","dual Meridian",0.00798588789913049,0.0142862002389931,0.088350189268807,0.182835136992909,0.0504415555125419,0.00297619486991322,0.00269542105359426,0.167448079219689,0.0454702124169972,0.201357920790331,0.523598775598299,0.399425239880595,0.167448079219689,0.224093092301371,0.339836909454122,0.167448079219689,0.0555841732809175,0.111341014340964,0.0555841732809175,0.111341014340964
"Lung","shan_dou_gen","dual Meridian",0.0133100646882956,0.020409580174174,0.0588575059470812,0.22927620321398,0.0757025383399399,0.00595241610258325,0.00269542105359426,0.167448079219689,0,0.304692654015398,0.19103321726757,0.126922778898205,0.0253191607926226,0.0633334705311333,0.114171931917666,0.0760225738099384,0.0126585659119971,0.0253191607926226,0,0.0379838165392884
"Lung","shi_wei","dual Meridian",0.0115353046212865,0.0183683798285479,0.117920152025249,0.22927620321398,0.067277632169254,0.00496033780177062,0.00269542105359426,0.252680255142079,0.0454702124169972,0.201357920790331,0.600696752935931,0.402048533098003,0.174801883373694,0.219141058997532,0.355251408938239,0.219141058997532,0.0434919707901158,0.130807496077707,0.0434919707901158,0.0870664823473957
"Lung","tian_dong","dual Meridian",0.00798588789913049,0.0163272560206266,0.17739960444037,0.22927620321398,0.0588575059470812,0.00198412828596788,0.00269542105359426,0.429775431304528,0.0454702124169972,0,0.285096440252746,0.252680255142079,0.188616386175404,0.156892871020461,0.220533260920833,0.0625407617964914,0.0312550884994952,0.156892871020461,0.0312550884994952,0
"Lung","tian_hua_fen","dual Meridian",0.0017746238241026,0.00204081774317656,0,0,0.00840346025031651,0.000992063654793388,0,0,0,0,0.133731589409942,0.0667161484102253,0,0,0.0667161484102253,0.0667161484102253,0,0,0,0
"Lung","ting_li_zi","dual Meridian",0.0275101246801824,0.0285753172692927,0.360712720363525,0.22927620321398,0.109462161852743,0.0178580920336816,0.00269542105359426,0.167448079219689,0.471861837279642,0.304692654015398,0.481023268022217,0.210506477643235,0.18007613476166,0.0746963081164589,0.195268409757263,0.271998206756825,0.0149259273360632,0.0298551812166301,0.149813507355942,0.0447910948646475
"Lung","tong_cao","dual Meridian",0.0017746238241026,0.00408164398629253,0.0294160068079327,0.0454702124169972,0.01680751401075,0,0,0.083430086610615,0,0,0.0625407617964914,0.0625407617964914,0.0312550884994952,0.0312550884994952,0.0625407617964914,0,0,0.0312550884994952,0,0
"Lung","tu_bei_mu","dual Meridian",0.00887323090054695,0.020409580174174,0.117920152025249,0.136789826924246,0.067277632169254,0.00198412828596788,0.00539086169046568,0.252680255142079,0.0454702124169972,0,0.234707113836171,0.234707113836171,0.0931579410346645,0.0698241649833621,0.187136862551831,0.0465284142654879,0.0465284142654879,0.0698241649833621,0.0232579107153105,0
"Lung","tu_jing_pi","dual Meridian",0.00621122006151997,0.00612248722960593,0.0588575059470812,0.136789826924246,0.0252127551687838,0.00396826438303647,0,0.167448079219689,0,0.10016742116156,0.377310032359749,0.1585582806377,0.105458525399318,0.1585582806377,0.1585582806377,0.212113310479229,0,0.105458525399318,0,0.0526559082615698
"Lung","xiang_ru","dual Meridian",0.0808333407590268,0.0837714147579481,0.456909198661571,0.421457568467301,0.325019991858518,0.0526036219966156,0.00808634149517199,0.429775431304528,0.471861837279642,0.411516846067488,0.600696752935931,0.257494425207151,0.0933030171226767,0.0559297759176186,0.238273074730834,0.335448332426529,0.0186346188294637,0.0310608948643583,0.0621518073366097,0.0248472771497065
"Lung","xiao_tong_cao","dual Meridian",0.00266193748266061,0.00612248722960593,0.0294160068079327,0.0910347780374151,0.0252127551687838,0,0,0.083430086610615,0,0.10016742116156,0.130807496077707,0.130807496077707,0.0434919707901158,0.0870664823473957,0.130807496077707,0,0,0.0434919707901158,0,0.0434919707901158
"Lung","xin_yi","dual Meridian",0.0665975769000794,0.0612628038280546,0.17739960444037,0,0.160350140956351,0.0555841732809175,0.0296539415593899,0,0.276226630763592,0,0.419833803948341,0.163774627712399,0.0326144773703988,0,0.103445264173527,0.30925370112752,0.0598182762006012,0,0.0326144773703988,0
"Lung","yi_bei_mu","dual Meridian",0.000887311562750944,0,0,0,0,0.000992063654793388,0,0,0,0,0.0416787324225779,0,0,0,0,0.0416787324225779,0,0,0,0
"Lung","yu_gan_zi","dual Meridian",0.0159722851503624,0.0408276681817032,0.298532201184876,0.372168533960326,0.117920152025249,0.00396826438303647,0.0161732118079859,0.339836909454122,0.276226630763592,0.411516846067488,0.196922432749046,0.219141058997532,0.108910833420688,0.0870664823473957,0.152767431585149,0.0434919707901158,0.0652637116258933,0.0434919707901158,0.0652637116258933,0.0434919707901158
"Lung","yu_zhu","dual Meridian",0.0115353046212865,0.0163272560206266,0.088350189268807,0,0.0420291793839539,0.00793659125653925,0.00808634149517199,0,0.136789826924246,0,0.211245033641304,0.129393017505469,0.0484059982367705,0,0.0807328326594507,0.129393017505469,0.0484059982367705,0,0.0484059982367705,0
"Lung","zhe_bei_mu","dual Meridian",0.0017746238241026,0.00204081774317656,0.0294160068079327,0.0454702124169972,0.00840346025031651,0.000992063654793388,0,0.083430086610615,0,0,0.117920152025249,0.0588575059470812,0.0588575059470812,0.0588575059470812,0.0588575059470812,0.0588575059470812,0,0.0588575059470812,0,0
"Lung","zhu_ya_zao","dual Meridian",0.00354925323704055,0.00612248722960593,0.0588575059470812,0.0910347780374151,0.0252127551687838,0.000992063654793388,0,0.167448079219689,0,0,0.411516846067488,0.304692654015398,0.201357920790331,0.201357920790331,0.304692654015398,0.10016742116156,0,0.201357920790331,0,0
"Liver","ba_qia","dual Meridian",0.0133100646882956,0.0244922445388858,0.147594105659033,0.22927620321398,0.0841328316955464,0.00496033780177062,0.00539086169046568,0.252680255142079,0.0910347780374151,0.201357920790331,0.394791119699762,0.312766721941545,0.128558960041425,0.128558960041425,0.259306456272777,0.128558960041425,0.0513045552641998,0.0769991406568236,0.0513045552641998,0.0513045552641998
"Liver","bai_shao","dual Meridian",0.0248472771497065,0.0612628038280546,0.17739960444037,0.276226630763592,0.151843325199192,0.00992079765766587,0.0323506560255751,0.252680255142079,0.136789826924246,0.304692654015398,0.335680499776662,0.360712720363525,0.0706469871116532,0.0706469871116532,0.213380264603364,0.117920152025249,0.141649687110867,0.0353014492560363,0.0353014492560363,0.0353014492560363
"Liver","chu_shi_zi","dual Meridian",0.0399396326830739,0.0428702732462368,0.489957326253728,0.276226630763592,0.160350140956351,0.025796511789666,0.00539086169046568,0.523598775598299,0.471861837279642,0,0.580904733052437,0.258982959105796,0.196381789808913,0.0732361816636239,0.233832397701344,0.322641821722083,0.0243926627776552,0.0732361816636239,0.122255539039782,0
"Liver","chuan_niu_xi","dual Meridian",0.00798588789913049,0.0142862002389931,0.147594105659033,0.182835136992909,0.0588575059470812,0.00198412828596788,0,0.339836909454122,0.0454702124169972,0,0.221314442347791,0.17157223208246,0.122255539039782,0.0977164088491063,0.17157223208246,0.0487998543706623,0,0.0977164088491063,0.0243926627776552,0
"Liver","di_jin_cao","dual Meridian",0.00976058088878735,0.0224508655717933,0.147594105659033,0.22927620321398,0.0757025383399399,0.00198412828596788,0.00539086169046568,0.252680255142079,0.0910347780374151,0.201357920790331,0.293676934596886,0.293676934596886,0.131961607659875,0.131961607659875,0.239114182664072,0.0526559082615698,0.0526559082615698,0.0790296083287366,0.0526559082615698,0.0526559082615698
"Liver","di_yu","dual Meridian",0.00443657178587283,0.0122452039747827,0.088350189268807,0.182835136992909,0.0336197783673011,0.000992063654793388,0.00539086169046568,0.252680255142079,0,0.10016742116156,0.122255539039782,0.146868899528658,0.0732361816636239,0.0977164088491063,0.0977164088491063,0.0243926627776552,0.0487998543706623,0.0732361816636239,0,0.0243926627776552
"Liver","du_zhong","dual Meridian",0.0346120568346048,0.0592182785556026,0.329457139617922,0.372168533960326,0.19450134944177,0.0158736824899557,0.0161732118079859,0.339836909454122,0.32381101527355,0.411516846067488,0.268521408774519,0.198581504712059,0.0748999437987694,0.0544486683284294,0.157108103256727,0.10905960130362,0.0408276681817032,0.0272142434423766,0.0476370626244031,0.0272142434423766
"Liver","du_zhong_ye","dual Meridian",0.0186346188294637,0.0387852335406018,0.207365291509785,0.276226630763592,0.109462161852743,0.00793659125653925,0.0161732118079859,0.252680255142079,0.182835136992909,0.304692654015398,0.272594219127124,0.246065371492031,0.0898644929370856,0.0769991406568236,0.167448079219689,0.102744777865595,0.0769991406568236,0.0384710274073283,0.0513045552641998,0.0384710274073283
"Liver","e_shu","dual Meridian",0.0275101246801824,0.0163272560206266,0.088350189268807,0,0.067277632169254,0.0228194407152378,0,0,0.136789826924246,0,0.392734386362349,0.0989267107728514,0.037045509812092,0,0.0989267107728514,0.287911819861674,0,0,0.037045509812092,0
"Liver","gou_teng","dual Meridian",0.0186346188294637,0.0367429607622556,0.207365291509785,0.576931345236457,0.134862218150934,0.00496033780177062,0.00539086169046568,0.622826585412003,0,0.523598775598299,0.328978971094723,0.280590472251702,0.10790156428506,0.185680505709559,0.248709989093523,0.0769991406568236,0.0307740879442913,0.10790156428506,0,0.0769991406568236
"Liver","ju_gu_ye","dual Meridian",0.0186346188294637,0.0347008412920796,0.147594105659033,0.372168533960326,0.117920152025249,0.00694450026198522,0.00808634149517199,0.339836909454122,0.0454702124169972,0.411516846067488,0.384396774495639,0.308438743808117,0.0894047719275952,0.143347568905365,0.252680255142079,0.125327831168065,0.0535970858093254,0.0714894498855205,0.0178580920336816,0.0714894498855205
"Liver","ju_qi_zi","dual Meridian",0.048821521919418,0.0735356437259937,0.360712720363525,0.22927620321398,0.228883985837214,0.0277813512637952,0.0242611400674101,0.429775431304528,0.32381101527355,0,0.296895757561887,0.192679365004752,0.0638732098899418,0.0265988810233793,0.14411536454257,0.149492356685627,0.0478906446357666,0.0265988810233793,0.0372426513092888,0
"Liver","gu_sui_bu","dual Meridian",0.0168597161978236,0.0244922445388858,0.147594105659033,0.276226630763592,0.0925691229498704,0.00793659125653925,0.00269542105359426,0.339836909454122,0.0454702124169972,0.201357920790331,0.270907173055589,0.16982927689135,0.0704808736384138,0.0846079505394392,0.155556169702124,0.112915849392806,0.0140849727489416,0.0563678733835634,0.0140849727489416,0.0281727407362566
"Liver","hu_ji_sheng","dual Meridian",0.0115353046212865,0.0244922445388858,0.17739960444037,0.22927620321398,0.0925691229498704,0.00198412828596788,0.00269542105359426,0.339836909454122,0.0910347780374151,0.10016742116156,0.331011728089295,0.304692654015398,0.150568272776686,0.125327831168065,0.278589702391651,0.05002085680577,0.0250026048993611,0.10016742116156,0.05002085680577,0.0250026048993611
"Liver","huai_hua","dual Meridian",0.00976058088878735,0.0122452039747827,0.17739960444037,0.22927620321398,0.0504415555125419,0.00496033780177062,0,0.252680255142079,0.136789826924246,0.201357920790331,0.419613383569844,0.224093092301371,0.224093092301371,0.186260303576556,0.224093092301371,0.186260303576556,0,0.111341014340964,0.111341014340964,0.0741419822337629
"Liver","huai_jiao","dual Meridian",0.00887323090054695,0.0163272560206266,0.147594105659033,0.182835136992909,0.0504415555125419,0.00396826438303647,0.00539086169046568,0.167448079219689,0.136789826924246,0.201357920790331,0.496317362125467,0.390826130575442,0.240404216769259,0.191647194975416,0.289751701436047,0.191647194975416,0.0953826590082094,0.0953826590082094,0.143347568905365,0.0953826590082094
"Liver","ji_gu_cao","dual Meridian",0.00976058088878735,0.020409580174174,0.117920152025249,0.136789826924246,0.0757025383399399,0.00198412828596788,0.00269542105359426,0.167448079219689,0.0910347780374151,0.10016742116156,0.241470204814633,0.219141058997532,0.0870664823473957,0.0652637116258933,0.196922432749046,0.0434919707901158,0.0217408430808835,0.0434919707901158,0.0434919707901158,0.0217408430808835
"Liver","ji_guan_hua","dual Meridian",0.00443657178587283,0.0102042587213623,0.117920152025249,0.136789826924246,0.0420291793839539,0,0,0.167448079219689,0.0910347780374151,0.10016742116156,0.429775431304528,0.429775431304528,0.339836909454122,0.252680255142079,0.429775431304528,0,0,0.167448079219689,0.167448079219689,0.083430086610615
"Liver","ji_xue_teng","dual Meridian",0.0159722851503624,0.0285753172692927,0.147594105659033,0.22927620321398,0.0757025383399399,0.00892869006286863,0.0134774969604082,0.339836909454122,0.0454702124169972,0.10016742116156,0.267898912405989,0.207365291509785,0.073595830525171,0.073595830525171,0.13274243036828,0.13274243036828,0.073595830525171,0.0588575059470812,0.0147064124608452,0.0147064124608452
"Liver","jiang_xiang","dual Meridian",0.0186346188294637,0.0224508655717933,0.147594105659033,0.136789826924246,0.0925691229498704,0.00992079765766587,0,0.167448079219689,0.136789826924246,0.10016742116156,0.215960498684956,0.112481938365078,0.05104256918366,0.0306170280864117,0.112481938365078,0.102218731635914,0,0.020409580174174,0.0306170280864117,0.0102042587213623
"Liver","jiu_cai_zi","dual Meridian",0.0186346188294637,0.0244922445388858,0.267898912405989,0.0454702124169972,0.101012026702245,0.00892869006286863,0,0.083430086610615,0.372168533960326,0,0.603548441496974,0.330297354829254,0.245708125858464,0.0270303184702784,0.330297354829254,0.245708125858464,0,0.0270303184702784,0.217937340590824,0
"Liver","ju_he","dual Meridian",0.00709855118571448,0.0102042587213623,0.17739960444037,0,0.0420291793839539,0.00297619486991322,0,0,0.276226630763592,0,1.09491407713448,0.589030970216274,0.729727656226966,0,0.589030970216274,0.339836909454122,0,0,0.729727656226966,0
"Liver","juan_bai","dual Meridian",0.00532389382780765,0.0122452039747827,0.0294160068079327,0.0910347780374151,0.0420291793839539,0.000992063654793388,0.00269542105359426,0.083430086610615,0,0.10016742116156,0.442911044073639,0.442911044073639,0.0714894498855205,0.143347568905365,0.365207221290367,0.0714894498855205,0.0714894498855205,0.0714894498855205,0,0.0714894498855205
"Liver","jue_ming_zi","dual Meridian",0.00976058088878735,0.020409580174174,0.117920152025249,0.0454702124169972,0.0504415555125419,0.00496033780177062,0.0107818800548323,0.083430086610615,0.136789826924246,0,0.162478650273211,0.147594105659033,0.0588575059470812,0.0147064124608452,0.088350189268807,0.073595830525171,0.0588575059470812,0.0147064124608452,0.0441319711287817,0
"Liver","li_zhi_he","dual Meridian",0.0363877987777352,0.0612628038280546,0.424389708593187,0.421457568467301,0.228883985837214,0.0138893354582903,0.00808634149517199,0.622826585412003,0.32381101527355,0.201357920790331,0.605829863062112,0.429775431304528,0.195691052865239,0.125327831168065,0.384396774495639,0.195691052865239,0.0416787324225779,0.0973760373811175,0.0973760373811175,0.0277813512637952
"Liver","liang_mian_zhen","dual Meridian",0.0124226797634597,0.0183683798285479,0.088350189268807,0.136789826924246,0.0420291793839539,0.00892869006286863,0.0107818800548323,0.252680255142079,0,0,0.262255158875857,0.167448079219689,0.0555841732809175,0.0555841732809175,0.0927254110236567,0.167448079219689,0.0741419822337629,0.0555841732809175,0,0
"Liver","ling_xiao_hua","dual Meridian",0.0701551376960432,0.104270473829848,0.298532201184876,0.22927620321398,0.342809512790942,0.0387001356691931,0.0296539415593899,0.252680255142079,0.32381101527355,0.201357920790331,0.474223078788915,0.299243790664173,0.0578357059219847,0.0289057592696284,0.233325179581064,0.227387993740019,0.0636267370136059,0.0173419096889711,0.0404734767900475,0.0115609511708596
"Liver","long_dan","dual Meridian",0.00887323090054695,0.0224508655717933,0.0294160068079327,0.136789826924246,0.0588575059470812,0.00297619486991322,0.0107818800548323,0.083430086610615,0,0.201357920790331,0.15940437256148,0.175502737575723,0.0158736824899557,0.0476370626244031,0.111341014340964,0.0476370626244031,0.0635347997104057,0.0158736824899557,0,0.0317513664966292
"Liver","lu_xian_cao","dual Meridian",0.0133100646882956,0.0285753172692927,0.117920152025249,0.32381101527355,0.101012026702245,0.00297619486991322,0.00539086169046568,0.252680255142079,0.0454702124169972,0.411516846067488,0.429775431304528,0.399425239880595,0.111341014340964,0.195691052865239,0.339836909454122,0.083430086610615,0.0555841732809175,0.083430086610615,0.0277813512637952,0.111341014340964
"Liver","lu_lu_tong","dual Meridian",0.00976058088878735,0.0163272560206266,0.117920152025249,0.22927620321398,0.067277632169254,0.00297619486991322,0,0.252680255142079,0.0454702124169972,0.201357920790331,0.758040765426236,0.523598775598299,0.252680255142079,0.317823703927881,0.523598775598299,0.188616386175404,0,0.188616386175404,0.0625407617964914,0.125327831168065
"Liver","ma_bian_cao","dual Meridian",0.0239597013982572,0.05104256918366,0.298532201184876,0.471861837279642,0.168868677576904,0.00694450026198522,0.0134774969604082,0.622826585412003,0.136789826924246,0.304692654015398,0.484218949358268,0.445638913739693,0.173279636417541,0.173279636417541,0.352055099309004,0.120984586587256,0.0863140315030384,0.120984586587256,0.0517472294184923,0.0517472294184923
"Liver","ma_chi_xian","dual Meridian",0.033724227155889,0.0489991966854051,0.360712720363525,0.32381101527355,0.17739960444037,0.0168658789590494,0.00808634149517199,0.523598775598299,0.276226630763592,0.10016742116156,0.780596992222118,0.460553991681322,0.224093092301371,0.129995448606132,0.399425239880595,0.320261542032293,0.0555841732809175,0.111341014340964,0.111341014340964,0.0185195771248799
"Liver","ma_qian_zi","dual Meridian",0.00976058088878735,0.0122452039747827,0.0588575059470812,0.182835136992909,0.0504415555125419,0.00496033780177062,0,0.167448079219689,0,0.201357920790331,0.178363581929643,0.0969258860400089,0.032263661668247,0.064560969317477,0.0969258860400089,0.0807328326594507,0,0.032263661668247,0,0.032263661668247
"Liver","mei_gui_hua","dual Meridian",0.0363877987777352,0.0428702732462368,0.267898912405989,0.32381101527355,0.151843325199192,0.0228194407152378,0.00808634149517199,0.429775431304528,0.182835136992909,0.201357920790331,0.345686850116219,0.17443701017463,0.0744489201807553,0.057883557458154,0.149314536139117,0.191246325223897,0.0247959292653472,0.0413340829684954,0.0330638752578233,0.0165296783442869
"Liver","mu_gua","dual Meridian",0.0275101246801824,0.0326588665812563,0.17739960444037,0.276226630763592,0.126386625999208,0.0158736824899557,0.00269542105359426,0.167448079219689,0.182835136992909,0.411516846067488,0.39791816195961,0.201357920790331,0.0750704910767165,0.0750704910767165,0.188616386175404,0.201357920790331,0.0125003255437236,0.0250026048993611,0.05002085680577,0.05002085680577
"Liver","niu_xi","dual Meridian",0.0328364240693045,0.0653526323335675,0.329457139617922,0.421457568467301,0.246176454396019,0.00793659125653925,0.00808634149517199,0.523598775598299,0.22927620321398,0.304692654015398,0.211807421741526,0.182835136992909,0.0625407617964914,0.0511586762174571,0.165527584632849,0.0454702124169972,0.0170462800724866,0.0340975158995003,0.0284129136823141,0.0170462800724866
"Liver","nv_zhen_zi","dual Meridian",0.026622488089984,0.0469560289207173,0.207365291509785,0.372168533960326,0.168868677576904,0.00992079765766587,0.00808634149517199,0.523598775598299,0.0454702124169972,0.201357920790331,0.254850603526605,0.19450134944177,0.0588575059470812,0.067277632169254,0.168868677576904,0.0841328316955464,0.0252127551687838,0.0504415555125419,0.00840346025031651,0.01680751401075
"Liver","pu_huang","dual Meridian",0.0159722851503624,0.020409580174174,0.207365291509785,0.276226630763592,0.0841328316955464,0.00793659125653925,0,0.339836909454122,0.136789826924246,0.201357920790331,0.576931345236457,0.307870868398053,0.21374505821175,0.182835136992909,0.307870868398053,0.244863854205621,0,0.121510916689681,0.0910347780374151,0.0606432240315162
"Liver","qian_nian_jian","dual Meridian",0.0177471605243434,0.0224508655717933,0.17739960444037,0.0910347780374151,0.0757025383399399,0.0109129150177013,0.00539086169046568,0.167448079219689,0.182835136992909,0,0.460553991681322,0.246946714560433,0.133731589409942,0.0444590893817713,0.201357920790331,0.246946714560433,0.0444590893817713,0.0444590893817713,0.0890063623805472,0
"Liver","qing_feng_teng","dual Meridian",0.0017746238241026,0.00204081774317656,0.0294160068079327,0.0454702124169972,0.00840346025031651,0.000992063654793388,0,0.083430086610615,0,0,0.125327831168065,0.0625407617964914,0.0625407617964914,0.0625407617964914,0.0625407617964914,0.0625407617964914,0,0.0625407617964914,0,0
"Liver","qing_hao","dual Meridian",0.0310608948643583,0.0469560289207173,0.298532201184876,0.471861837279642,0.160350140956351,0.0158736824899557,0.0107818800548323,0.622826585412003,0.136789826924246,0.304692654015398,0.281480073230845,0.183568917255235,0.0794486340851372,0.0794486340851372,0.151371054666977,0.127327896520732,0.0317513664966292,0.0555841732809175,0.0238117739606687,0.0238117739606687
"Liver","san_leng","dual Meridian",0.00976058088878735,0.0142862002389931,0.147594105659033,0.136789826924246,0.0588575059470812,0.00396826438303647,0,0.252680255142079,0.0910347780374151,0,0.375423607981039,0.2355042367208,0.167448079219689,0.10016742116156,0.2355042367208,0.133731589409942,0,0.10016742116156,0.0667161484102253,0
"Liver","san_qi","dual Meridian",0.0319486468727625,0.0428702732462368,0.298532201184876,0.182835136992909,0.168868677576904,0.0158736824899557,0.00269542105359426,0.339836909454122,0.276226630763592,0,0.307336491084172,0.17739960444037,0.0841328316955464,0.0336197783673011,0.168868677576904,0.134862218150934,0.00840346025031651,0.0336197783673011,0.0504415555125419,0
"Liver","sang_ji_sheng","dual Meridian",0.0248472771497065,0.0387852335406018,0.147594105659033,0.22927620321398,0.134862218150934,0.0119050431198318,0.00808634149517199,0.252680255142079,0.0910347780374151,0.201357920790331,0.654415562249177,0.425793409044713,0.108910833420688,0.108910833420688,0.355251408938239,0.263922848129788,0.0652637116258933,0.0652637116258933,0.0434919707901158,0.0434919707901158
"Liver","sha_yuan_zi","dual Meridian",0.0168597161978236,0.0265337255964438,0.267898912405989,0.22927620321398,0.101012026702245,0.00694450026198522,0.00269542105359426,0.252680255142079,0.276226630763592,0.201357920790331,0.481844706428925,0.322641821722083,0.221314442347791,0.122255539039782,0.297031431428018,0.17157223208246,0.0243926627776552,0.0732361816636239,0.146868899528658,0.0487998543706623
"Liver","shan_ci_gu","dual Meridian",0.00532389382780765,0.0163272560206266,0.147594105659033,0.182835136992909,0.0504415555125419,0,0.00539086169046568,0.339836909454122,0.0454702124169972,0,0.339836909454122,0.460553991681322,0.281480073230845,0.224093092301371,0.339836909454122,0,0.111341014340964,0.224093092301371,0.0555841732809175,0
"Liver","shan_zhu_yu","dual Meridian",0.0523753178162017,0.0694435558324432,0.360712720363525,0.276226630763592,0.228883985837214,0.0317513664966292,0.0188690442000592,0.339836909454122,0.372168533960326,0.201357920790331,0.264122135510071,0.151015829347111,0.0531223266455674,0.0265517922816971,0.119755061405759,0.142070362679449,0.0309784058876143,0.0177000392414175,0.0354056267950678,0.00884967303455516
"Liver","shu_di_huang","dual Meridian",0.0141974600949148,0.0326588665812563,0.17739960444037,0.182835136992909,0.0757025383399399,0.00694450026198522,0.0188690442000592,0.339836909454122,0.0910347780374151,0,0.212113310479229,0.212113310479229,0.0790296083287366,0.0526559082615698,0.11869959450928,0.0922359901452756,0.0922359901452756,0.0526559082615698,0.0263188277924469,0
"Liver","shui_fei_ji","dual Meridian",0.0115353046212865,0.0183683798285479,0.267898912405989,0.0910347780374151,0.0588575059470812,0.00595241610258325,0.00539086169046568,0.167448079219689,0.32381101527355,0,0.40491364948808,0.276226630763592,0.276226630763592,0.0606432240315162,0.21374505821175,0.182835136992909,0.0606432240315162,0.0606432240315162,0.21374505821175,0
"Liver","shui_hong_hua_zi","dual Meridian",0.0168597161978236,0.0367429607622556,0.207365291509785,0.32381101527355,0.117920152025249,0.00496033780177062,0.0107818800548323,0.252680255142079,0.182835136992909,0.411516846067488,0.322213231998239,0.304692654015398,0.116932961462378,0.116932961462378,0.2355042367208,0.083430086610615,0.0667161484102253,0.05002085680577,0.0667161484102253,0.0667161484102253
"Liver","song_hua_fen","dual Meridian",0.00532389382780765,0.00816335597401207,0.088350189268807,0.136789826924246,0.0336197783673011,0.00198412828596788,0,0.167448079219689,0.0454702124169972,0.10016742116156,0.848062078981481,0.523598775598299,0.384396774495639,0.384396774495639,0.523598775598299,0.252680255142079,0,0.252680255142079,0.125327831168065,0.125327831168065
"Liver","suo_luo_zi","dual Meridian",0.0115353046212865,0.020409580174174,0.207365291509785,0.22927620321398,0.0841328316955464,0.00297619486991322,0,0.167448079219689,0.22927620321398,0.304692654015398,0.482827962745019,0.365207221290367,0.252680255142079,0.179534351376199,0.365207221290367,0.107348916101869,0,0.0714894498855205,0.179534351376199,0.107348916101869
"Liver","tian_kui_zi","dual Meridian",0.0177471605243434,0.020409580174174,0.117920152025249,0.0454702124169972,0.067277632169254,0.0119050431198318,0.00539086169046568,0,0.182835136992909,0.10016742116156,0.240404216769259,0.119330624807627,0.0476370626244031,0.0119050431198318,0.0953826590082094,0.143347568905365,0.0238117739606687,0,0.0476370626244031,0.0119050431198318
"Liver","tu_fu_ling","dual Meridian",0.0275101246801824,0.0367429607622556,0.392341387104634,0.276226630763592,0.143347568905365,0.0138893354582903,0.00269542105359426,0.523598775598299,0.32381101527355,0,0.432254405698337,0.245708125858464,0.176592075910255,0.081170184687302,0.231799976320092,0.1903363579204,0.0135139248424681,0.081170184687302,0.0947362399341458,0
"Liver","wang_bu_liu_hang","dual Meridian",0.00887323090054695,0.0142862002389931,0.237521170781446,0.0910347780374151,0.0588575059470812,0.00297619486991322,0,0.167448079219689,0.276226630763592,0,0.394791119699762,0.272594219127124,0.312766721941545,0.0769991406568236,0.272594219127124,0.115642192516294,0,0.0769991406568236,0.232868178258082,0
"Liver","wei_ling_cai","dual Meridian",0.0150848666825123,0.0306170280864117,0.117920152025249,0.372168533960326,0.0925691229498704,0.00595241610258325,0.0107818800548323,0.339836909454122,0,0.411516846067488,0.712656628018227,0.614956603854846,0.154459598484184,0.312766721941545,0.436838449538857,0.232868178258082,0.154459598484184,0.154459598484184,0,0.154459598484184
"Liver","xi_xian_cao","dual Meridian",0.00887323090054695,0.0122452039747827,0.088350189268807,0.136789826924246,0.0420291793839539,0.00496033780177062,0.00269542105359426,0.252680255142079,0,0,0.328454617930296,0.194777642734354,0.0969258860400089,0.0969258860400089,0.161997954571125,0.161997954571125,0.032263661668247,0.0969258860400089,0,0
"Liver","xia_ku_cao","dual Meridian",0.0319486468727625,0.0653526323335675,0.392341387104634,0.471861837279642,0.237521170781446,0.00793659125653925,0.0107818800548323,0.622826585412003,0.276226630763592,0.304692654015398,0.643501108793284,0.562536244543856,0.2183987279556,0.167448079219689,0.485518122295591,0.133731589409942,0.0667161484102253,0.116932961462378,0.10016742116156,0.05002085680577
"Liver","xu_chang_qing","dual Meridian",0.0230721445252555,0.0408276681817032,0.267898912405989,0.136789826924246,0.134862218150934,0.00992079765766587,0.0107818800548323,0.167448079219689,0.32381101527355,0.10016742116156,0.392341387104634,0.298532201184876,0.13274243036828,0.0441319711287817,0.237521170781446,0.147594105659033,0.0588575059470812,0.0294160068079327,0.103123858270005,0.0147064124608452
"Liver","xu_duan","dual Meridian",0.00443657178587283,0.00816335597401207,0.088350189268807,0.182835136992909,0.0336197783673011,0.000992063654793388,0,0.252680255142079,0,0.10016742116156,0.161997954571125,0.129393017505469,0.0969258860400089,0.129393017505469,0.129393017505469,0.032263661668247,0,0.0969258860400089,0,0.032263661668247
"Liver","yan_hu_suo","dual Meridian",0.0106479385627247,0.0326588665812563,0.17739960444037,0.22927620321398,0.067277632169254,0.00396826438303647,0.0215650137468133,0.339836909454122,0.0910347780374151,0.10016742116156,0.156481993454749,0.209317359477355,0.07800114936041,0.0649807855360056,0.104083933738249,0.0519714448699052,0.104083933738249,0.0519714448699052,0.0259769474239233,0.0129873780850839
"Liver","ye_ju_hua","dual Meridian",0.00976058088878735,0.0244922445388858,0.17739960444037,0.276226630763592,0.0841328316955464,0.000992063654793388,0.00539086169046568,0.429775431304528,0.0454702124169972,0.10016742116156,0.375423607981039,0.411516846067488,0.201357920790331,0.201357920790331,0.339836909454122,0.0333395092613021,0.0667161484102253,0.167448079219689,0.0333395092613021,0.0333395092613021
"Liver","yin_chai_hu","dual Meridian",0.0115353046212865,0.020409580174174,0.117920152025249,0.136789826924246,0.0841328316955464,0.00297619486991322,0,0.167448079219689,0.0910347780374151,0.10016742116156,0.286512581582061,0.219141058997532,0.0870664823473957,0.0652637116258933,0.219141058997532,0.0652637116258933,0,0.0434919707901158,0.0434919707901158,0.0217408430808835
"Liver","yin_yang_huo","dual Meridian",0.0230721445252555,0.0367429607622556,0.237521170781446,0.32381101527355,0.134862218150934,0.00992079765766587,0.00539086169046568,0.429775431304528,0.136789826924246,0.201357920790331,0.201357920790331,0.138907820945636,0.0615773687219383,0.0538722081852184,0.123389787212672,0.0769991406568236,0.0153852223374443,0.0384710274073283,0.0230789718155413,0.0153852223374443
"Liver","zao_jiao_ci","dual Meridian",0.0150848666825123,0.0326588665812563,0.237521170781446,0.32381101527355,0.117920152025249,0.00297619486991322,0.00539086169046568,0.429775431304528,0.136789826924246,0.201357920790331,0.602454633384991,0.562536244543856,0.269932795833403,0.2355042367208,0.485518122295591,0.10016742116156,0.0667161484102253,0.167448079219689,0.10016742116156,0.0667161484102253
"Liver","ze_lan","dual Meridian",0.00443657178587283,0.0102042587213623,0.088350189268807,0.0910347780374151,0.0336197783673011,0.000992063654793388,0.00269542105359426,0.083430086610615,0.0910347780374151,0.10016742116156,0.317823703927881,0.317823703927881,0.188616386175404,0.125327831168065,0.252680255142079,0.0625407617964914,0.0625407617964914,0.0625407617964914,0.125327831168065,0.0625407617964914
"Lung","bai_mao_gen","multiple Meridian",0.0106479385627247,0.0163272560206266,0.117920152025249,0.182835136992909,0.0504415555125419,0.00595241610258325,0.00539086169046568,0.252680255142079,0.0454702124169972,0.10016742116156,0.372168533960326,0.244863854205621,0.121510916689681,0.121510916689681,0.182835136992909,0.182835136992909,0.0606432240315162,0.0910347780374151,0.0303076699661869,0.0303076699661869
"Lung","bei_dou_gen","multiple Meridian",0,0.00408164398629253,0,0,0,0,0.00539086169046568,0,0,0,0,0.064560969317477,0,0,0,0,0.064560969317477,0,0,0
"Lung","dou_kou","multiple Meridian",0.028397782951579,0.0306170280864117,0.267898912405989,0.136789826924246,0.126386625999208,0.0168658789590494,0,0.252680255142079,0.276226630763592,0,0.467554076871377,0.212871656844533,0.12710251159277,0.0422661041968558,0.212871656844533,0.241785550630426,0,0.0422661041968558,0.0846079505394392,0
"Lung","gan_sui","multiple Meridian",0.00621122006151997,0.00408164398629253,0.0588575059470812,0.0454702124169972,0.01680751401075,0.00496033780177062,0,0.083430086610615,0.0454702124169972,0,0.227770789586694,0.064560969317477,0.064560969317477,0.032263661668247,0.064560969317477,0.161997954571125,0,0.032263661668247,0.032263661668247,0
"Lung","gua_lou","multiple Meridian",0.0239597013982572,0.0285753172692927,0.17739960444037,0.0454702124169972,0.109462161852743,0.0138893354582903,0.00269542105359426,0,0.276226630763592,0.10016742116156,0.344259799348711,0.175905768163716,0.0750704910767165,0.0125003255437236,0.163223803516414,0.175905768163716,0.0125003255437236,0,0.0750704910767165,0.0125003255437236
"Lung","jin_yin_hua","multiple Meridian",0.0719342488314437,0.0940159911501686,0.523598775598299,0.632185248680745,0.360712720363525,0.0387001356691931,0.0107818800548323,0.848062078981481,0.372168533960326,0.411516846067488,0.350343369297166,0.19617104645772,0.0720963401224922,0.0551126414118207,0.178919170417781,0.166015787271456,0.0169499641551273,0.0381448428563806,0.0339048005066844,0.0169499641551273
"Lung","jing_da_ji","multiple Meridian",0.00354925323704055,0.00408164398629253,0.0294160068079327,0,0.01680751401075,0.00198412828596788,0,0,0.0454702124169972,0,0.174801883373694,0.0870664823473957,0.0434919707901158,0,0.0870664823473957,0.0870664823473957,0,0,0.0434919707901158,0
"Lung","lai_fu_zi","multiple Meridian",0.0168597161978236,0.020409580174174,0.237521170781446,0.0454702124169972,0.0757025383399399,0.00992079765766587,0.00269542105359426,0.083430086610615,0.32381101527355,0,0.374045953924647,0.193513192510785,0.154459598484184,0.0192319547565534,0.173952887716084,0.193513192510785,0.0192319547565534,0.0192319547565534,0.135025303882776,0
"Lung","lian_qiao","multiple Meridian",0.0310608948643583,0.0673979528752713,0.329457139617922,0.471861837279642,0.19450134944177,0.0119050431198318,0.026957442791276,0.523598775598299,0.22927620321398,0.411516846067488,0.2355042367208,0.221814470496794,0.073399221302151,0.0667161484102253,0.153940620132755,0.080085580033659,0.0667161484102253,0.0400106743539889,0.0333395092613021,0.0266698281722801
"Lung","nan_wu_wei_zi","multiple Meridian",0,0,0,0,0,0,0,0,0,0,0,0,0,0,0,0,0,0,0,0
"Lung","qian_niu_zi","multiple Meridian",0.026622488089984,0.0367429607622556,0.298532201184876,0.22927620321398,0.143347568905365,0.0128971829410095,0.00269542105359426,0.339836909454122,0.276226630763592,0.10016742116156,0.356330087528574,0.210861427968675,0.116542708449339,0.0581723387353741,0.198984956697891,0.151744475057902,0.0116281690241238,0.0465284142654879,0.0698241649833621,0.0116281690241238
"Lung","sheng_jiang","multiple Meridian",0.0852852493448593,0.0551299627730213,0.329457139617922,0.136789826924246,0.17739960444037,0.0744735851418434,0.0161732118079859,0.167448079219689,0.421457568467301,0.10016742116156,0.37069589999139,0.10206390080068,0.0415213635692137,0.0113209965412813,0.0793284592342284,0.286940211938034,0.0226434443631868,0.00754724146066943,0.033968796421605,0.00377359386165679
"Lung","si_ji_qing","multiple Meridian",0.0133100646882956,0.0285753172692927,0.267898912405989,0.372168533960326,0.109462161852743,0.00198412828596788,0.00269542105359426,0.523598775598299,0.136789826924246,0.201357920790331,0.40578141685424,0.377310032359749,0.239114182664072,0.212113310479229,0.349156434525718,0.0526559082615698,0.0263188277924469,0.1585582806377,0.0790296083287366,0.0526559082615698
"Lung","tian_gua_zi","multiple Meridian",0.00621122006151997,0.0102042587213623,0.147594105659033,0,0.0420291793839539,0.00198412828596788,0,0,0.22927620321398,0,1.5707963267949,0.795602953484535,0.795602953484535,0,0.795602953484535,0.289751701436047,0,0,0.795602953484535,0
"Lung","wu_bei_zi","multiple Meridian",0.0017746238241026,0.00408164398629253,0,0.0454702124169972,0.00840346025031651,0.000992063654793388,0.00269542105359426,0,0,0.10016742116156,0.729727656226966,0.729727656226966,0,0.339836909454122,0.339836909454122,0.339836909454122,0.339836909454122,0,0,0.339836909454122
"Lung","wu_wei_zi","multiple Meridian",0.028397782951579,0.0224508655717933,0.088350189268807,0,0.0841328316955464,0.0218271299440881,0.00269542105359426,0,0.136789826924246,0,0.248709989093523,0.0847166823475689,0.0230789718155413,0,0.0769991406568236,0.170049128567718,0.00769238355535034,0,0.0230789718155413,0
"Lung","xuan_can","multiple Meridian",0.0115353046212865,0.0326588665812563,0.147594105659033,0.276226630763592,0.0841328316955464,0.00297619486991322,0.0161732118079859,0.339836909454122,0.0454702124169972,0.201357920790331,0.28024983443654,0.34736942329456,0.106584669617272,0.128008886284079,0.214404864734286,0.0638732098899418,0.128008886284079,0.0852094582526515,0.0212782013679804,0.042566044334784
"Lung","ya_zhi_cao","multiple Meridian",0.00798588789913049,0.0244922445388858,0.088350189268807,0.136789826924246,0.067277632169254,0.000992063654793388,0.0107818800548323,0.252680255142079,0,0,0.339836909454122,0.460553991681322,0.111341014340964,0.111341014340964,0.300812475256621,0.037045509812092,0.148695494267562,0.111341014340964,0,0
"Lung","yuan_hua","multiple Meridian",0.026622488089984,0.0387852335406018,0.207365291509785,0.32381101527355,0.160350140956351,0.0109129150177013,0,0.429775431304528,0.0910347780374151,0.201357920790331,0.554261834452328,0.339836909454122,0.123117818486235,0.123117818486235,0.339836909454122,0.194200836968228,0,0.0878321848183038,0.0350949229860953,0.0350949229860953
"Lung","ying_su_ke","multiple Meridian",0,0.00204081774317656,0,0,0,0,0.00269542105359426,0,0,0,0,0.0416787324225779,0,0,0,0,0.0416787324225779,0,0,0
"Lung","zhi_mu","multiple Meridian",0.0141974600949148,0.0224508655717933,0.088350189268807,0.0910347780374151,0.067277632169254,0.00793659125653925,0.00808634149517199,0.083430086610615,0.0910347780374151,0.10016742116156,0.198838514778482,0.136223390374242,0.037045509812092,0.0246938676151521,0.0989267107728514,0.0989267107728514,0.037045509812092,0.0123459926465946,0.0246938676151521,0.0123459926465946
"Liver","ai_ye","multiple Meridian",0.0452683429988305,0.0489991966854051,0.329457139617922,0.22927620321398,0.160350140956351,0.0317513664966292,0.0134774969604082,0.429775431304528,0.276226630763592,0,0.387395041056253,0.178727794755773,0.0815719143324595,0.037045509812092,0.141209562834638,0.239314827934894,0.037045509812092,0.037045509812092,0.0444590893817713,0
"Liver","chuan_lian_zi","multiple Meridian",0.0115353046212865,0.0142862002389931,0.117920152025249,0.0910347780374151,0.0504415555125419,0.00694450026198522,0.00269542105359426,0.167448079219689,0.0910347780374151,0,0.40491364948808,0.21374505821175,0.121510916689681,0.0606432240315162,0.182835136992909,0.21374505821175,0.0303076699661869,0.0606432240315162,0.0606432240315162,0
"Liver","chuan_xiong","multiple Meridian",0.0612628038280546,0.0612628038280546,0.392341387104634,0.136789826924246,0.228883985837214,0.0416787324225779,0.00808634149517199,0.167448079219689,0.523598775598299,0.10016742116156,0.373718050942914,0.15940437256148,0.0688374212963331,0.0158736824899557,0.143347568905365,0.224093092301371,0.0158736824899557,0.0105822080856984,0.0582339664084238,0.00529102997803321
"Liver","chui_pen_cao","multiple Meridian",0.0133100646882956,0.0224508655717933,0.147594105659033,0.22927620321398,0.0841328316955464,0.00496033780177062,0.00269542105359426,0.339836909454122,0.0454702124169972,0.10016742116156,0.324831324832332,0.236233652928489,0.106584669617272,0.106584669617272,0.214404864734286,0.106584669617272,0.0212782013679804,0.0852094582526515,0.0212782013679804,0.0212782013679804
"Liver","dang_gui","multiple Meridian",0.026622488089984,0.0387852335406018,0.207365291509785,0.22927620321398,0.143347568905365,0.0128971829410095,0.00539086169046568,0.429775431304528,0.0910347780374151,0,0.242365851038963,0.152591471619712,0.0560293107154839,0.0400106743539889,0.136422771014568,0.104188395741296,0.0160006827453219,0.0400106743539889,0.0160006827453219,0
"Liver","ding_gong_teng","multiple Meridian",0.00354925323704055,0.00816335597401207,0.0588575059470812,0.0910347780374151,0.0336197783673011,0,0,0.167448079219689,0,0,0.411516846067488,0.411516846067488,0.201357920790331,0.201357920790331,0.411516846067488,0,0,0.201357920790331,0,0
"Liver","fan_bai_cao","multiple Meridian",0.0133100646882956,0.0244922445388858,0.17739960444037,0.372168533960326,0.101012026702245,0.00297619486991322,0,0.339836909454122,0.0910347780374151,0.411516846067488,0.848062078981481,0.643501108793284,0.304692654015398,0.411516846067488,0.643501108793284,0.150568272776686,0,0.201357920790331,0.10016742116156,0.201357920790331
"Liver","fu_pen_zi","multiple Meridian",0.0541524612616608,0.0612628038280546,0.207365291509785,0.471861837279642,0.220264146087863,0.0347292030514089,0.0107818800548323,0.429775431304528,0.0910347780374151,0.523598775598299,0.587816638720508,0.276226630763592,0.0636793922570193,0.0910347780374151,0.238621731313736,0.32381101527355,0.0363716551606118,0.0454702124169972,0.0181828200839365,0.0454702124169972
"Liver","gong_lao_mu","multiple Meridian",0.0301731673423661,0.0489991966854051,0.298532201184876,0.0910347780374151,0.17739960444037,0.0128971829410095,0.00808634149517199,0.083430086610615,0.421457568467301,0.10016742116156,0.491810094565444,0.339836909454122,0.13933934075777,0.0277813512637952,0.295968803358931,0.181551260797085,0.0416787324225779,0.0138893354582903,0.125327831168065,0.0138893354582903
"Liver","hai_zao","multiple Meridian",0.00621122006151997,0.00612248722960593,0.0294160068079327,0.0454702124169972,0.00840346025031651,0.00595241610258325,0.00539086169046568,0.083430086610615,0,0,0.35757110364551,0.150568272776686,0.05002085680577,0.05002085680577,0.05002085680577,0.304692654015398,0.10016742116156,0.05002085680577,0,0
"Liver","he_ye","multiple Meridian",0.033724227155889,0.0449130573012962,0.267898912405989,0.471861837279642,0.160350140956351,0.0188503226915573,0.00808634149517199,0.429775431304528,0.182835136992909,0.523598775598299,0.420922003187946,0.238822940859828,0.0969258860400089,0.107735172111615,0.205749669987142,0.205749669987142,0.032263661668247,0.0537893752134411,0.0430240248497819,0.0537893752134411
"Liver","hei_zhi_ma","multiple Meridian",0.0248472771497065,0.0326588665812563,0.088350189268807,0.0910347780374151,0.101012026702245,0.0158736824899557,0.0107818800548323,0,0.136789826924246,0.201357920790331,0.262255158875857,0.148695494267562,0.0277813512637952,0.0185195771248799,0.111341014340964,0.148695494267562,0.037045509812092,0,0.0277813512637952,0.0185195771248799
"Liver","hu_huang_lian","multiple Meridian",0.00887323090054695,0.0183683798285479,0.0588575059470812,0.0910347780374151,0.0588575059470812,0.00297619486991322,0.00539086169046568,0.083430086610615,0.0454702124169972,0.10016742116156,0.182835136992909,0.164375584030651,0.0363716551606118,0.0363716551606118,0.127618857591376,0.0545725381546788,0.0363716551606118,0.0181828200839365,0.0181828200839365,0.0181828200839365
"Liver","ji_xue_cao","multiple Meridian",0.0275101246801824,0.0326588665812563,0.237521170781446,0.276226630763592,0.117920152025249,0.0168658789590494,0.00539086169046568,0.429775431304528,0.136789826924246,0.10016742116156,0.465954066361954,0.234014086999588,0.116203372497897,0.0870664823473957,0.204317139809279,0.248940039524263,0.0289895675238162,0.0725273362856291,0.0434919707901158,0.0144932610139193
"Liver","ju_ju","multiple Meridian",0.0106479385627247,0.0122452039747827,0.117920152025249,0.182835136992909,0.0504415555125419,0.00595241610258325,0,0.339836909454122,0,0,0.232868178258082,0.115642192516294,0.0769991406568236,0.0769991406568236,0.115642192516294,0.115642192516294,0,0.0769991406568236,0,0
"Liver","ku_lian_pi","multiple Meridian",0.0115353046212865,0.020409580174174,0.147594105659033,0.22927620321398,0.0757025383399399,0.00396826438303647,0.00269542105359426,0.429775431304528,0,0,0.307131463392724,0.234707113836171,0.116542708449339,0.116542708449339,0.210861427968675,0.0931579410346645,0.0232579107153105,0.116542708449339,0,0
"Liver","kun_bu","multiple Meridian",0.0168597161978236,0.0142862002389931,0.17739960444037,0,0.0504415555125419,0.0128971829410095,0.00269542105359426,0,0.276226630763592,0,0.406975125628757,0.1463552589448,0.125327831168065,0,0.125327831168065,0.27425861348863,0.0208348406686484,0,0.125327831168065,0
"Liver","lao_guan_cao","multiple Meridian",0.0150848666825123,0.0285753172692927,0.207365291509785,0.421457568467301,0.101012026702245,0.00496033780177062,0.00539086169046568,0.429775431304528,0.0910347780374151,0.411516846067488,0.451035191305898,0.36716877638838,0.180465140396016,0.232868178258082,0.312766721941545,0.128558960041425,0.0513045552641998,0.128558960041425,0.0513045552641998,0.102744777865595
"Liver","lian_qian_cao","multiple Meridian",0.0275101246801824,0.0489991966854051,0.298532201184876,0.421457568467301,0.17739960444037,0.00992079765766587,0.00808634149517199,0.622826585412003,0.136789826924246,0.201357920790331,0.702114275605166,0.523598775598299,0.209870592262738,0.188616386175404,0.452816594744926,0.209870592262738,0.0625407617964914,0.1463552589448,0.0625407617964914,0.0416787324225779
"Liver","lu_hui","multiple Meridian",0.0177471605243434,0.0224508655717933,0.207365291509785,0.182835136992909,0.0925691229498704,0.00892869006286863,0,0.339836909454122,0.136789826924246,0,0.386942238188386,0.209066860366776,0.132462503457608,0.0755435298965975,0.209066860366776,0.170638206074318,0,0.0755435298965975,0.0566340435424863,0
"Liver","mu_bie_zi","multiple Meridian",0.0115353046212865,0.0163272560206266,0.17739960444037,0.0910347780374151,0.067277632169254,0.00496033780177062,0,0.083430086610615,0.22927620321398,0.10016742116156,0.432734534266969,0.261018323578766,0.194777642734354,0.064560969317477,0.261018323578766,0.161997954571125,0,0.032263661668247,0.161997954571125,0.032263661668247
"Liver","qian_jin_zi","multiple Meridian",0.0230721445252555,0.0428702732462368,0.456909198661571,0.182835136992909,0.160350140956351,0.00694450026198522,0.00539086169046568,0.339836909454122,0.523598775598299,0,0.534956853726549,0.424389708593187,0.298532201184876,0.0785120074657757,0.38175426274483,0.137689552304229,0.0392257446751318,0.0785120074657757,0.217394592267678,0
"Liver","qin_pi","multiple Meridian",0.00621122006151997,0.0122452039747827,0.088350189268807,0.182835136992909,0.0420291793839539,0.00198412828596788,0.00269542105359426,0.252680255142079,0,0.10016742116156,0.339836909454122,0.289751701436047,0.143347568905365,0.191647194975416,0.240404216769259,0.0953826590082094,0.0476370626244031,0.143347568905365,0,0.0476370626244031
"Liver","qing_pi","multiple Meridian",0.00976058088878735,0.0102042587213623,0.0588575059470812,0,0.0420291793839539,0.00595241610258325,0,0,0.0910347780374151,0,0.657463556381644,0.281480073230845,0.111341014340964,0,0.281480073230845,0.339836909454122,0,0,0.111341014340964,0
"Liver","qing_ye_dan","multiple Meridian",0.0017746238241026,0.00612248722960593,0.0294160068079327,0.0454702124169972,0.01680751401075,0,0.00269542105359426,0.083430086610615,0,0,0.057174001080663,0.0858195905058957,0.0285753172692927,0.0285753172692927,0.057174001080663,0,0.0285753172692927,0.0285753172692927,0,0
"Liver","shen_jin_cao","multiple Meridian",0.0399396326830739,0.0633075855376097,0.360712720363525,0.136789826924246,0.228883985837214,0.0178580920336816,0.0107818800548323,0.252680255142079,0.421457568467301,0,0.653675236445761,0.432254405698337,0.162881424480345,0.0405516537308225,0.373487657855577,0.245708125858464,0.0540804116141758,0.0405516537308225,0.121923469330214,0
"Liver","suan_zao_ren","multiple Meridian",0.00266193748266061,0.00204081774317656,0,0,0.00840346025031651,0.00198412828596788,0,0,0,0,0.0910347780374151,0.0303076699661869,0,0,0.0303076699661869,0.0606432240315162,0,0,0,0
"Liver","tu_si_zi","multiple Meridian",0.0150848666825123,0.0285753172692927,0.147594105659033,0.276226630763592,0.101012026702245,0.00496033780177062,0.00539086169046568,0.252680255142079,0.0910347780374151,0.304692654015398,0.626368955231887,0.503801984375067,0.173279636417541,0.208401806591747,0.426616683382696,0.173279636417541,0.0690203040380642,0.10363367951473,0.0690203040380642,0.10363367951473
"Liver","xiang_fu","multiple Meridian",0.0319486468727625,0.0449130573012962,0.267898912405989,0.471861837279642,0.17739960444037,0.0148815016488424,0.00269542105359426,0.622826585412003,0.0910347780374151,0.304692654015398,0.35346838657747,0.213148775925302,0.0866468402317763,0.0963026320729373,0.203321047550455,0.14473556961151,0.00961553278760919,0.0673586171524134,0.0192319547565534,0.0288501558284724
"Liver","xiang_jia_pi","multiple Meridian",0.0186346188294637,0.0265337255964438,0.329457139617922,0.22927620321398,0.101012026702245,0.00892869006286863,0.00269542105359426,0.339836909454122,0.32381101527355,0.10016742116156,0.269057313828117,0.165308833337355,0.139694408285382,0.0633334705311333,0.152489016112099,0.114171931917666,0.0126585659119971,0.0506545709187272,0.0887239540695398,0.0126585659119971
"Liver","yi_mu_cao","multiple Meridian",0.0195220918128256,0.0224508655717933,0.117920152025249,0.22927620321398,0.0925691229498704,0.0109129150177013,0,0.167448079219689,0.0910347780374151,0.304692654015398,0.446013604242937,0.217394592267678,0.0785120074657757,0.0981969526188393,0.217394592267678,0.217394592267678,0,0.0392257446751318,0.0392257446751318,0.0588575059470812
"Lung","huang_qin","multiple Meridian",0.0426038365311361,0.0673979528752713,0.392341387104634,0.32381101527355,0.237521170781446,0.0198425719105377,0.0134774969604082,0.429775431304528,0.372168533960326,0.201357920790331,0.342310394851379,0.232868178258082,0.0910347780374151,0.0489706195208172,0.197077453013499,0.140320164867568,0.0349721633260305,0.0349721633260305,0.0559732788204183,0.0139864699902271
"Lung","shang_lu","multiple Meridian",0.00798588789913049,0.0122452039747827,0.088350189268807,0,0.0420291793839539,0.00396826438303647,0.00269542105359426,0,0.136789826924246,0,0.153140243878576,0.10187102175354,0.0508693938700454,0,0.0848475304308937,0.0678486543894159,0.0169499641551273,0,0.0508693938700454,0
"Lung","sheng_ma","multiple Meridian",0.0399396326830739,0.0592182785556026,0.329457139617922,0.182835136992909,0.17739960444037,0.0238117739606687,0.0215650137468133,0.252680255142079,0.372168533960326,0.10016742116156,0.243026936374892,0.15570864905212,0.0588575059470812,0.0213920058550707,0.112536852843798,0.128697220018076,0.0427938089227971,0.0160434689856326,0.0427938089227971,0.00534761907052151
"Lung","wu_yao","multiple Meridian",0.0372757124472925,0.0489991966854051,0.489957326253728,0.22927620321398,0.17739960444037,0.0208348406686484,0.00808634149517199,0.429775431304528,0.523598775598299,0,0.334317994036368,0.188616386175404,0.125327831168065,0.0390724409348747,0.164807558376036,0.164807558376036,0.0234396462978027,0.0390724409348747,0.0860436314695106,0
"Lung","xuan_fu_hua","multiple Meridian",0.0133100646882956,0.0224508655717933,0.17739960444037,0.372168533960326,0.0841328316955464,0.00496033780177062,0.00269542105359426,0.523598775598299,0,0.201357920790331,0.286940211938034,0.209066860366776,0.113450762818572,0.151522533956537,0.189817061344716,0.0944801226194178,0.0188690442000592,0.113450762818572,0,0.0377448107394347
"Liver","ba_jiao_hui_xiang","multiple Meridian",0.0275101246801824,0.0347008412920796,0.207365291509785,0.276226630763592,0.134862218150934,0.0148815016488424,0.00269542105359426,0.339836909454122,0.136789826924246,0.201357920790331,0.684974238647619,0.354305168974477,0.143347568905365,0.122757057765013,0.332630651766266,0.311117258898055,0.020409580174174,0.0817235911975071,0.0612628038280546,0.0408276681817032
"Liver","jin_qian_cao","multiple Meridian",0.0328364240693045,0.0489991966854051,0.298532201184876,0.421457568467301,0.168868677576904,0.0168658789590494,0.0107818800548323,0.429775431304528,0.22927620321398,0.411516846067488,0.651723274104407,0.404373236249074,0.164677726762559,0.148081583206998,0.334046846271913,0.282428260623292,0.0656208553106266,0.0820592762102902,0.0820592762102902,0.0656208553106266
"Liver","wu_zhu_yu","multiple Meridian",0.0443801393777842,0.0673979528752713,0.392341387104634,0.421457568467301,0.228883985837214,0.0228194407152378,0.0161732118079859,0.622826585412003,0.276226630763592,0.201357920790331,0.288058137294306,0.188616386175404,0.0739309664561659,0.0511586762174571,0.15401728475488,0.131056664374216,0.0340975158995003,0.0397832206236328,0.0340975158995003,0.0113638809464693
"Liver","xiao_hui_xiang","multiple Meridian",0.026622488089984,0.0367429607622556,0.329457139617922,0.136789826924246,0.151843325199192,0.0119050431198318,0,0.252680255142079,0.372168533960326,0,0.729727656226966,0.411516846067488,0.246946714560433,0.0667161484102253,0.411516846067488,0.269932795833403,0,0.0667161484102253,0.178727794755773,0
"Liver","yu_zhi_zi","multiple Meridian",0.00532389382780765,0.0102042587213623,0.117920152025249,0.136789826924246,0.0420291793839539,0.000992063654793388,0,0.252680255142079,0.0454702124169972,0,0.523598775598299,0.429775431304528,0.339836909454122,0.252680255142079,0.429775431304528,0.083430086610615,0,0.252680255142079,0.083430086610615,0
